ric,skewness,kurtosis,jb_stat,p_value,is_normal
^SPX,-0.135511,1.520978,66.234419,0,False
^IXIC,-0.072266,1.082237,33.081493,0,False
^MXX,-0.050674,-0.091477,0.520354,0.770915,True
^STOXX,-0.265251,2.107015,131.9897,0,False
^GDAXI,0.149613,4.42661,556.904732,0,False
^FCHI,-0.069454,3.9778,450.18221,0,False
^VIX,1.510439,8.000007,1956.115342,0,False
