ric,mean_annual,volatility_annual,skewness,kurtosis
^SPX,0.084877,0.18181,-0.135511,1.520978
^IXIC,0.058423,0.243195,-0.072266,1.082237
^MXX,0.078243,0.148902,-0.050674,-0.091477
^STOXX,0.058847,0.152978,-0.265251,2.107015
^GDAXI,0.068536,0.181873,0.149613,4.42661
^FCHI,0.115749,0.177819,-0.069454,3.9778
^VIX,-0.080623,1.194374,1.510439,8.000007
