ric,mean_annual,volatility_annual,sharpe_ratio,var_95
^SPX,0.084877,0.18181,0.466846,-0.018801
^IXIC,0.058423,0.243195,0.240231,-0.025469
^MXX,0.078243,0.148902,0.525463,-0.015974
^STOXX,0.058847,0.152978,0.384676,-0.01676
^GDAXI,0.068536,0.181873,0.376832,-0.018458
^FCHI,0.115749,0.177819,0.650939,-0.017452
^VIX,-0.080623,1.194374,-0.067502,-0.101799
