ric,skewness,kurtosis,jb_stat,p_value,is_normal
XLK,0.090403,1.162775,38.426407,0,False
XLF,0.012525,0.726002,14.643872,0.000661,False
XLV,-0.187462,0.684698,16.910265,0.000213,False
XLE,-0.273393,0.47939,14.872227,0.00059,False
XLU,-0.155832,1.001116,30.507463,0,False
XLI,-0.033944,0.603292,10.227827,0.006013,False
XLB,0.091694,0.746062,16.379163,0.000278,False
XLC,-0.033113,1.809898,91.159909,0,False
