ric,mean_annual,volatility_annual,sharpe_ratio,var_95
EURUSD=X,-0.039835,0.078786,-0.505605,-0.008078
GBPUSD=X,-0.024953,0.094734,-0.263395,-0.009708
CHFUSD=X,0.009198,0.080508,0.114251,-0.007838
SEKUSD=X,-0.101306,0.115501,-0.877103,-0.012018
NOKUSD=X,-0.107691,0.170112,-0.633062,-0.014211
JPYUSD=X,-0.122908,0.094246,-1.304113,-0.009495
MXNUSD=X,0.066877,0.103591,0.645581,-0.010853
