ric,skewness,kurtosis,jb_stat,p_value,is_normal
EURUSD=X,0.061067,0.978002,28.008861,0.000001,False
GBPUSD=X,-0.221037,5.200235,785.358643,0,False
CHFUSD=X,0.616305,2.330226,200.37091,0,False
SEKUSD=X,0.173449,1.043144,34.844716,0,False
NOKUSD=X,-0.98117,32.661672,30869.993769,0,False
JPYUSD=X,0.59896,4.743803,690.231817,0,False
MXNUSD=X,-0.552225,1.61493,110.368423,0,False
