ric,mean_annual,volatility_annual,skewness,kurtosis
EURUSD=X,-0.039835,0.078786,0.061067,0.978002
GBPUSD=X,-0.024953,0.094734,-0.221037,5.200235
CHFUSD=X,0.009198,0.080508,0.616305,2.330226
SEKUSD=X,-0.101306,0.115501,0.173449,1.043144
NOKUSD=X,-0.107691,0.170112,-0.98117,32.661672
JPYUSD=X,-0.122908,0.094246,0.59896,4.743803
MXNUSD=X,0.066877,0.103591,-0.552225,1.61493
