ric,skewness,kurtosis,jb_stat,p_value,is_normal
BTC-USD,0.059041,3.156505,403.25598,0.0,False
ETH-USD,0.044411,4.463673,805.59564,0.0,False
SOL-USD,0.351307,4.873805,980.008887,0.0,False
USDC-USD,-5.715489,292.926289,3473265.995891,0.0,False
USDT-USD,-1.868055,103.069638,429924.566923,0.0,False
DAI-USD,-0.961974,68.828752,191619.40584,0.0,False
