ric,mean_annual,volatility_annual,skewness,kurtosis
BTC-USD,0.139467,0.555655,0.059041,3.156505
ETH-USD,0.490807,0.729232,0.044411,4.463673
SOL-USD,1.249908,1.103729,0.351307,4.873805
USDC-USD,0.000277,0.020755,-5.715489,292.926289
USDT-USD,-0.000426,0.011123,-1.868055,103.069638
DAI-USD,-0.000724,0.02882,-0.961974,68.828752
