ric,mean_annual,volatility_annual,sharpe_ratio,var_95
BTC-USD,0.139467,0.555655,0.250995,-0.05657
ETH-USD,0.490807,0.729232,0.673046,-0.06836
SOL-USD,1.249908,1.103729,1.132441,-0.09162
USDC-USD,0.000277,0.020755,0.013338,-0.000647
USDT-USD,-0.000426,0.011123,-0.038258,-0.000713
DAI-USD,-0.000724,0.02882,-0.025114,-0.001457
